search_word	similar_words
mensenhandel	['vrouwenhandel', 'prostitutie', 'strafbaarstelling', 'strafbare', 'drugsdelicten']
prostitutie	['bordelen', 'prostituees', 'mensenhandel', 'ontucht', 'koppelarij']
loverboy	['forsworn', 'brotherly', 'doofstom', 'itgirl', 'vickys']
jurisprudentie	['rechtsregels', 'wetgeving', 'wetsgeschiedenis', 'prorogatie', 'vehofhelvetia']
arbeidsuitbuiting	['arbeidsmarktfraude', 'familieplanning', 'baanzekerheid', 'souteneurschap', 'misdaadverwekkende']
loverboys	['vrouwenhandelaren', 'excliënten', 'straatroof', 'gedragsmoeilijkheden', 'potenrammers']
gewogen	['berekend', 'standaarddeviatie', 'standaarddeviaties', 'varianties', 'schoolgewichten']
risico	['risicos', 'pneumokokkenmeningitis', 'ovariumkanker', 'stolselvorming', 'foliumzuursuppletie']
op	['waarop', 'triatloncarrière', 'vierentachtigste', 'tweeëntachtigjarige', 'filmweek']
goede	['slechte', 'betere', 'goed', 'gunstige', 'moeilijke']
grond	['bodem', 'slempgevoelige', 'gronden', 'ziltige', 'sintbaafswijk']
cijfers	['volkstellingen', 'tienjaarlijkse', 'istat', 'steeg', 'periode']
monitor	['autoresponder', 'synchronisatiemechanisme', 'evcertificaten', 'gepusht', 'acars']
rapportage	['rapport', 'rapportages', 'koopkrachteffecten', 'aanbevelingen', 'rijksrecherche']
negende	['zevende', 'tiende', 'elfde', 'zesde', 'achtste']
seksueel	['seksuele', 'seks', 'misbruik', 'pedofilie', 'homoseksuele']
geweld	['oorlogstactiek', 'terreuractiviteiten', 'agressie', 'gewelddadige', 'cocaïnemaffia']
stage	['stages', 'radioopleiding', 'cursus', 'castingbureau', 'playerslasky']
vacature	['sollicitatie', 'bruegheliaans', 'bestuurscrisis', 'hoorzitting', 'beleggingsadviseur']
vacatures	['beslagleggingen', 'doorbelast', 'controlestructuur', 'kostenbewust', 'wajongers']
achtervolgen	['overmeesteren', 'redden', 'overbluffen', 'bedreigen', 'zuagir']
effectief	['effectiever', 'effectieve', 'efficiënt', 'afdoende', 'iproniazide']
preventief	['profylactisch', 'medicatie', 'vochttoediening', 'lamivudine', 'preventieve']
prostitutie	['bordelen', 'prostituees', 'mensenhandel', 'ontucht', 'koppelarij']
en	['terwijl', 'eveneens', 'maar', 'die', 'evenals']
mensenhandel	['vrouwenhandel', 'prostitutie', 'strafbaarstelling', 'strafbare', 'drugsdelicten']
rapportage	['rapport', 'rapportages', 'koopkrachteffecten', 'aanbevelingen', 'rijksrecherche']
mensenhandel	['vrouwenhandel', 'prostitutie', 'strafbaarstelling', 'strafbare', 'drugsdelicten']
vacature	['sollicitatie', 'bruegheliaans', 'bestuurscrisis', 'hoorzitting', 'beleggingsadviseur']
vacatures	['beslagleggingen', 'doorbelast', 'controlestructuur', 'kostenbewust', 'wajongers']
vog	['eingetragene', 'inspanningsverbintenis', 'antifraudebeleid', 'bogin', 'advertentiefraude']
kinderporno	['kinderpornografie', 'misbruik', 'strafbare', 'oplichting', 'minderjarigen']
kinderpornografie	['kinderporno', 'minderjarigen', 'kindermisbruik', 'hoaxen', 'misbruik']
mensenhandel	['vrouwenhandel', 'prostitutie', 'strafbaarstelling', 'strafbare', 'drugsdelicten']
gemeente	['färgelanda', 'aulumhaderup', 'karlebo', 'bystrovany', 'noordslovenië']
mensenhandel	['vrouwenhandel', 'prostitutie', 'strafbaarstelling', 'strafbare', 'drugsdelicten']
in	['juniorafdeling', 'fahrenbach', 'van', 'studenteraad', 'stadsbediende']
en	['terwijl', 'eveneens', 'maar', 'die', 'evenals']
uit	['charilaidae', 'helicocercus', 'hispanacris', 'kakaduacris', 'aerotegmina']
beeld	['kunstwerk', 'beelden', 'oudtestamentaire', 'beeldje', 'hoofdeind']
bolhaar	['aalbersberg', 'beduin', 'emster', 'politiedistrictschef', 'oudpenningmeester']
grooming	['webcamseks', 'anorgasmie', 'privéinformatie', 'smerigs', 'familieplanning']
in	['juniorafdeling', 'fahrenbach', 'van', 'studenteraad', 'stadsbediende']
en	['terwijl', 'eveneens', 'maar', 'die', 'evenals']
uit	['charilaidae', 'helicocercus', 'hispanacris', 'kakaduacris', 'aerotegmina']
beeld	['kunstwerk', 'beelden', 'oudtestamentaire', 'beeldje', 'hoofdeind']
mensensmokkel	['loansharking', 'milieudelicten', 'afpersing', 'drugshandel', 'drugssmokkel']
op	['waarop', 'triatloncarrière', 'vierentachtigste', 'tweeëntachtigjarige', 'filmweek']
goede	['slechte', 'betere', 'goed', 'gunstige', 'moeilijke']
grond	['bodem', 'slempgevoelige', 'gronden', 'ziltige', 'sintbaafswijk']
slachtoffer	['slachtoffertje', 'mishandelen', 'onschuldige', 'homoclub', 'moorddoodslag']
mensenhandel	['vrouwenhandel', 'prostitutie', 'strafbaarstelling', 'strafbare', 'drugsdelicten']
uitbuiting	['armoede', 'achterstelling', 'onrechtvaardigheid', 'oppressie', 'discriminatie']
dader	['daderkennis', 'verdachte', 'schuldige', 'moordenaar', 'daders']
evaluatie	['evaluatiestudie', 'hypothesevorming', 'geëvalueerd', 'aanbevelingen', 'procedures']
factsheet	['tenderprocedure', 'kwaliteitskringen', 'toetsingscriteria', 'zorgzone', 'edex']
gemeenten	['borgomaro', 'lapedona', 'gemeentes', 'cicagna', 'gattico']
loverboy	['forsworn', 'brotherly', 'doofstom', 'itgirl', 'vickys']
negende	['zevende', 'tiende', 'elfde', 'zesde', 'achtste']
rapportage	['rapport', 'rapportages', 'koopkrachteffecten', 'aanbevelingen', 'rijksrecherche']
ontucht	['eerbaarheid', 'aanranding', 'ontuchtige', 'prostitutie', 'sodomie']
voor	['hubenthal', 'baraud', 'barsevskis', 'withaar', 'meschnigg']
de	['die', 'van', 'openhielden', 'en', 'vierentachtigste']
rechter	['rechtbank', 'wedzinga', 'changoe', 'rechtspreekt', 'seponeerde']
rapport	['onderzoeksrapport', 'eindrapport', 'rapporten', 'onderzoekscommissie', 'commissiedavids']
zevende	['zesde', 'vijfde', 'negende', 'achtste', 'tiende']
rapportage	['rapport', 'rapportages', 'koopkrachteffecten', 'aanbevelingen', 'rijksrecherche']
english	['golfing', 'huntyng', 'watercolours', 'exerted', 'reliques']
greta	['danielle', 'garbo', 'olivia', 'audrey', 'lili']
jaarplan	['villabelasting', 'premieloon', 'afbouwpercentage', 'eerovereenkomst', 'erfgoedwet']
seksuele	['seksueel', 'seksualiteit', 'geaardheid', 'homoseksuele', 'genderidentiteit']
uitbuiting	['armoede', 'achterstelling', 'onrechtvaardigheid', 'oppressie', 'discriminatie']
signalen	['signaal', 'pulsen', 'meerwegontvangst', 'beeldsignaal', 'draaggolven']
tiende	['negende', 'elfde', 'zevende', 'twaalfde', 'zesde']
bolhaar	['aalbersberg', 'beduin', 'emster', 'politiedistrictschef', 'oudpenningmeester']
daders	['verdachten', 'plegers', 'dader', 'moorden', 'schuldigen']
mensenhandel	['vrouwenhandel', 'prostitutie', 'strafbaarstelling', 'strafbare', 'drugsdelicten']
dettmeijer	['mcrobbie', 'dugal', 'surovy', 'houdart', 'delorie']
gemeentelijk	['middelwijkstraat', 'cantonlaan', 'steenhoffstraat', 'grothestraat', 'eikenderveld']
niveau	['competitieniveau', 'districtsniveau', 'nlqfeqf', 'gemeentebericht', 'landsbericht']
human	['for', 'problems', 'decimating', 'rights', 'reintegration']
trafficking	['laczko', 'discrimination', 'article', 'reintegration', 'traite']
jaarverslag	['jaarverslagen', 'jaarrekening', 'prospectus', 'rapport', 'surseances']
jurisprudentie	['rechtsregels', 'wetgeving', 'wetsgeschiedenis', 'prorogatie', 'vehofhelvetia']
mensenhandel	['vrouwenhandel', 'prostitutie', 'strafbaarstelling', 'strafbare', 'drugsdelicten']
kinderarbeid	['seksbranche', 'uitbuiting', 'discriminerende', 'arbeidsomstandigheden', 'discriminatie']
kindermishandeling	['pedoseksuele', 'delinquenten', 'meldcode', 'exhibitionisme', 'ouderbegeleiding']
loverboys	['vrouwenhandelaren', 'excliënten', 'straatroof', 'gedragsmoeilijkheden', 'potenrammers']
mensenhandel	['vrouwenhandel', 'prostitutie', 'strafbaarstelling', 'strafbare', 'drugsdelicten']
in	['juniorafdeling', 'fahrenbach', 'van', 'studenteraad', 'stadsbediende']
en	['terwijl', 'eveneens', 'maar', 'die', 'evenals']
uit	['charilaidae', 'helicocercus', 'hispanacris', 'kakaduacris', 'aerotegmina']
beeld	['kunstwerk', 'beelden', 'oudtestamentaire', 'beeldje', 'hoofdeind']
negende	['zevende', 'tiende', 'elfde', 'zesde', 'achtste']
rapportage	['rapport', 'rapportages', 'koopkrachteffecten', 'aanbevelingen', 'rijksrecherche']
mensenhandel	['vrouwenhandel', 'prostitutie', 'strafbaarstelling', 'strafbare', 'drugsdelicten']
non	['confundar', 'dimenticano', 'pourtant', 'ragazza', 'finisce']
punishment	['contributed', 'reported', 'reconciled', 'enmity', 'granted']
seksueel	['seksuele', 'seks', 'misbruik', 'pedofilie', 'homoseksuele']
misbruik	['kindermisbruik', 'seksueel', 'commissiedeetman', 'misbruiken', 'minderjarigen']
slachtoffer	['slachtoffertje', 'mishandelen', 'onschuldige', 'homoclub', 'moorddoodslag']
monitor	['autoresponder', 'synchronisatiemechanisme', 'evcertificaten', 'gepusht', 'acars']
stage	['stages', 'radioopleiding', 'cursus', 'castingbureau', 'playerslasky']
zicht	['linkerwiel', 'kanonnendek', 'omwaaien', 'schoorsteeneffect', 'aanaarden']
op	['waarop', 'triatloncarrière', 'vierentachtigste', 'tweeëntachtigjarige', 'filmweek']
kwetsbaarheid	['consumptiepatroon', 'dragelijker', 'medicalisatie', 'schuifkrachten', 'onbegaanbaarheid']
arbeidsuitbuiting	['arbeidsmarktfraude', 'familieplanning', 'baanzekerheid', 'souteneurschap', 'misdaadverwekkende']
canada	['nieuwzeeland', 'australië', 'grootbrittannië', 'amerika', 'staten']
dader	['daderkennis', 'verdachte', 'schuldige', 'moordenaar', 'daders']
monitor	['autoresponder', 'synchronisatiemechanisme', 'evcertificaten', 'gepusht', 'acars']
de	['die', 'van', 'openhielden', 'en', 'vierentachtigste']
klant	['consument', 'klanten', 'giromaat', 'sluist', 'courtage']
erbij	['zelf', 'daarbij', 'dankos', 'nu', 'daar']
de	['die', 'van', 'openhielden', 'en', 'vierentachtigste']
klant	['consument', 'klanten', 'giromaat', 'sluist', 'courtage']
erbij	['zelf', 'daarbij', 'dankos', 'nu', 'daar']
draagmoederschap	['wensouders', 'huidtests', 'stemmingsstabiliserende', 'donormelk', 'auteursrechtinbreuk']
effectief	['effectiever', 'effectieve', 'efficiënt', 'afdoende', 'iproniazide']
engels	['unnamable', 'baslow', 'cofreemasonry', 'votes', 'bislama']
gemeentelijk	['middelwijkstraat', 'cantonlaan', 'steenhoffstraat', 'grothestraat', 'eikenderveld']
geweld	['oorlogstactiek', 'terreuractiviteiten', 'agressie', 'gewelddadige', 'cocaïnemaffia']
hoort	['denkt', 'ziet', 'terugkomt', 'aankomt', 'roept']
nergens	['niet', 'nooit', 'niemand', 'niets', 'alleen']
thuis	['éénsoap', 'zakendiner', 'priestertje', 'blokfluitles', 'loonstad']
gewogen	['berekend', 'standaarddeviatie', 'standaarddeviaties', 'varianties', 'schoolgewichten']
gewogen	['berekend', 'standaarddeviatie', 'standaarddeviaties', 'varianties', 'schoolgewichten']
risico	['risicos', 'pneumokokkenmeningitis', 'ovariumkanker', 'stolselvorming', 'foliumzuursuppletie']
istanbul	['ankara', 'izmir', 'istanboel', 'eskişehir', 'adana']
protocol	['verbindingsloos', 'netwerkprotocol', 'tkip', 'internetprotocol', 'tls']
kinderen	['dochters', 'kleinkinderen', 'zussen', 'rubensfourment', 'thuiswonende']
manifest	['pamflet', 'gravensteengroep', 'ecologistisch', 'essay', 'informatietijdperk']
medewerkers	['personeelsleden', 'werknemers', 'onderwijsondersteunende', 'formatieplaatsen', 'stafleden']
mensenhandel	['vrouwenhandel', 'prostitutie', 'strafbaarstelling', 'strafbare', 'drugsdelicten']
in	['juniorafdeling', 'fahrenbach', 'van', 'studenteraad', 'stadsbediende']
beeld	['kunstwerk', 'beelden', 'oudtestamentaire', 'beeldje', 'hoofdeind']
minderjarig	['meerderjarig', 'minderjarige', 'troonsopvolger', 'voogdes', 'regeringsbekwaam']
monitor	['autoresponder', 'synchronisatiemechanisme', 'evcertificaten', 'gepusht', 'acars']
mensenhandel	['vrouwenhandel', 'prostitutie', 'strafbaarstelling', 'strafbare', 'drugsdelicten']
monitor	['autoresponder', 'synchronisatiemechanisme', 'evcertificaten', 'gepusht', 'acars']
mensenhandel	['vrouwenhandel', 'prostitutie', 'strafbaarstelling', 'strafbare', 'drugsdelicten']
nieuwsbrief	['maandelijks', 'alphencc', 'website', 'ledenmagazine', 'programmagids']
nigeria	['ghana', 'kameroen', 'ivoorkust', 'senegal', 'oeganda']
orgaanhandel	['gierigaards', 'huurmoorden', 'drugsdeals', 'jachtshows', 'veebaronnen']
pedofilie	['homoseksualiteit', 'pedoseksualiteit', 'pornografie', 'bestialiteit', 'kindermisbruik']
preventie	['edpbw', 'lotgenotencontact', 'invaliditeitsuitkering', 'bestrijding', 'patiëntveiligheid']
prostitutie	['bordelen', 'prostituees', 'mensenhandel', 'ontucht', 'koppelarij']
prostitutie	['bordelen', 'prostituees', 'mensenhandel', 'ontucht', 'koppelarij']
en	['terwijl', 'eveneens', 'maar', 'die', 'evenals']
mensenhandel	['vrouwenhandel', 'prostitutie', 'strafbaarstelling', 'strafbare', 'drugsdelicten']
roma	['lazio', 'internazionale', 'milan', 'juventus', 'fiorentina']
sekstoerisme	['herstelrecht', 'mobbing', 'mensenrechtenschending', 'pornografie', 'cyberpesten']
seksueel	['seksuele', 'seks', 'misbruik', 'pedofilie', 'homoseksuele']
geweld	['oorlogstactiek', 'terreuractiviteiten', 'agressie', 'gewelddadige', 'cocaïnemaffia']
tegen	['nazitanks', 'strijd', 'groepsmatch', 'blameerde', 'clubverplichtingen']
kinderen	['dochters', 'kleinkinderen', 'zussen', 'rubensfourment', 'thuiswonende']
signalen	['signaal', 'pulsen', 'meerwegontvangst', 'beeldsignaal', 'draaggolven']
arbeidsuitbuiting	['arbeidsmarktfraude', 'familieplanning', 'baanzekerheid', 'souteneurschap', 'misdaadverwekkende']
slavernij	['zwarten', 'slavenhouders', 'afschaffing', 'zuidafrikaners', 'rassenscheiding']
unodc	['unfpa', 'vnorganisatie', 'ncia', 'unwto', 'tchrd']
vietnam	['laos', 'cambodja', 'zuidvietnam', 'noordvietnam', 'myanmar']
vog	['eingetragene', 'inspanningsverbintenis', 'antifraudebeleid', 'bogin', 'advertentiefraude']
zevende	['zesde', 'vijfde', 'negende', 'achtste', 'tiende']
adoptie	['adopteren', 'wensouders', 'adoptieouders', 'stiefouder', 'geadopteerde']
baltische	['rusland', 'estland', 'hansabank', 'radimitsjen', 'letland']
bedelen	['venten', 'lastigvielen', 'ziekenfondsverzekerd', 'gokverslaafden', 'schuldslaven']
brenninkmeijer	['spierenburg', 'touber', 'dpoliticus', 'lambaart', 'nijnatten']
brief	['brieven', 'corinthiërs', 'telegram', 'meedeelde', 'laodicenzen']
canadees	['australisch', 'amerikaans', 'canadeesamerikaans', 'nieuwzeelands', 'brits']
onderzoek	['onderzoeken', 'cytologisch', 'crosscultureel', 'ivfkinderen', 'neurowetenschappelijk']
cijfers	['volkstellingen', 'tienjaarlijkse', 'istat', 'steeg', 'periode']
loverboys	['vrouwenhandelaren', 'excliënten', 'straatroof', 'gedragsmoeilijkheden', 'potenrammers']
cijfers	['volkstellingen', 'tienjaarlijkse', 'istat', 'steeg', 'periode']
mensenhandel	['vrouwenhandel', 'prostitutie', 'strafbaarstelling', 'strafbare', 'drugsdelicten']
consultatie	['posthumusii', 'ongevallenonderzoek', 'toetsingsadvies', 'conciliatie', 'arbeidsgerechten']
contact	['aanraking', 'contacten', 'aanvaring', 'connecties', 'samen']
criminele	['drugshandel', 'criminelen', 'misdaad', 'afpersing', 'drugssmokkel']
uitbuiting	['armoede', 'achterstelling', 'onrechtvaardigheid', 'oppressie', 'discriminatie']
definitie	['serenos', 'avesuchia', 'definities', 'saltasaurinae', 'kladedefinitie']
loverboy	['forsworn', 'brotherly', 'doofstom', 'itgirl', 'vickys']
den	['haag', 'wassenaar', 'coljé', 'bosch', 'gouda']
haag	['den', 'rotterdam', 'wassenaar', 'haarlem', 'gouda']
den	['haag', 'wassenaar', 'coljé', 'bosch', 'gouda']
haag	['den', 'rotterdam', 'wassenaar', 'haarlem', 'gouda']
geweld	['oorlogstactiek', 'terreuractiviteiten', 'agressie', 'gewelddadige', 'cocaïnemaffia']
kinderen	['dochters', 'kleinkinderen', 'zussen', 'rubensfourment', 'thuiswonende']
effectieve	['effectief', 'leuproreline', 'koersstabiliteit', 'antilichaamafhankelijke', 'ogenblikkelijke']
aanpak	['werkwijze', 'oplossingsgerichte', 'uitwerking', 'onderzoeksmethodes', 'regionaaleconomisch']
op	['waarop', 'triatloncarrière', 'vierentachtigste', 'tweeëntachtigjarige', 'filmweek']
gemeentelijk	['middelwijkstraat', 'cantonlaan', 'steenhoffstraat', 'grothestraat', 'eikenderveld']
niveau	['competitieniveau', 'districtsniveau', 'nlqfeqf', 'gemeentebericht', 'landsbericht']
elfde	['twaalfde', 'negende', 'tiende', 'dertiende', 'zevende']
mensenhandel	['vrouwenhandel', 'prostitutie', 'strafbaarstelling', 'strafbare', 'drugsdelicten']
gedwongen	['genoodzaakt', 'dwongen', 'dreigden', 'oorlogsvoorbereidingen', 'gesommeerd']
arbeid	['mplapartij', 'privéondernemerschap', 'flexibiliseren', 'vvdwoordvoerder', 'zekerheidsbijdragen']
gedwongen	['genoodzaakt', 'dwongen', 'dreigden', 'oorlogsvoorbereidingen', 'gesommeerd']
prostitutie	['bordelen', 'prostituees', 'mensenhandel', 'ontucht', 'koppelarij']
gegevensdragers	['rawbestanden', 'videosignalen', 'muziekbestanden', 'netwerkbronnen', 'proxyservers']
gevolgen	['complicaties', 'oorzaken', 'oorzaak', 'consequenties', 'ernstige']
incest	['overspel', 'verkrachting', 'bloedschande', 'echtbreuk', 'pedoseksualiteit']
geweld	['oorlogstactiek', 'terreuractiviteiten', 'agressie', 'gewelddadige', 'cocaïnemaffia']
achter	['slotronden', 'terwijl', 'drukschot', 'opraapte', 'dichtrijden']
de	['die', 'van', 'openhielden', 'en', 'vierentachtigste']
voordeur	['deur', 'toegangsdeur', 'deuropening', 'raam', 'wandkast']
goede	['slechte', 'betere', 'goed', 'gunstige', 'moeilijke']
grond	['bodem', 'slempgevoelige', 'gronden', 'ziltige', 'sintbaafswijk']
grond	['bodem', 'slempgevoelige', 'gronden', 'ziltige', 'sintbaafswijk']
groningen	['leeuwarden', 'utrecht', 'groningse', 'winschoten', 'appingedam']
herman	['jan', 'dirk', 'gerard', 'oolbekkink', 'schoonderwalt']
bolhaar	['aalbersberg', 'beduin', 'emster', 'politiedistrictschef', 'oudpenningmeester']
hoenderloo	['uddel', 'orvelte', 'hierden', 'ede', 'vasse']
groep	['groepen', 'neosuchia', 'artch', 'sprangeen', 'austrotai']
humanitair	['oorlogsrecht', 'staatsaansprakelijkheid', 'mensenrechten', 'internationaal', 'privaatrecht']
niet	['alleen', 'nooit', 'wél', 'toch', 'omdat']
tijdelijk	['totdat', 'weer', 'waarna', 'tijdelijke', 'definitief']
incest	['overspel', 'verkrachting', 'bloedschande', 'echtbreuk', 'pedoseksualiteit']
in	['juniorafdeling', 'fahrenbach', 'van', 'studenteraad', 'stadsbediende']
en	['terwijl', 'eveneens', 'maar', 'die', 'evenals']
uit	['charilaidae', 'helicocercus', 'hispanacris', 'kakaduacris', 'aerotegmina']
beeld	['kunstwerk', 'beelden', 'oudtestamentaire', 'beeldje', 'hoofdeind']
ii	['iii', 'iv', 'i', 'vi', 'vii']
jeugdhulp	['vuvereniging', 'ggzinstellingen', 'ndlhidc', 'ledenbijeenkomsten', 'ggnet']
jeugdzorg	['jeugdhulpverlening', 'reclassering', 'kinderopvang', 'kinderbescherming', 'ouderenzorg']
jongensprostitutie	['shinheimin', 'griekssprekend', 'khum', 'openbaringsboeken', 'zoroastristisch']
jurisprudentie	['rechtsregels', 'wetgeving', 'wetsgeschiedenis', 'prorogatie', 'vehofhelvetia']
kind	['vrouw', 'moeder', 'kleinkind', 'buitenechtelijk', 'dochtertje']
kinderen	['dochters', 'kleinkinderen', 'zussen', 'rubensfourment', 'thuiswonende']
kindermisbruik	['misbruik', 'pedofilie', 'verkrachting', 'mishandeling', 'geweldpleging']
kindermishandeling	['pedoseksuele', 'delinquenten', 'meldcode', 'exhibitionisme', 'ouderbegeleiding']
klanten	['consumenten', 'cadeaukaarten', 'advertentiesites', 'prbureaus', 'kortingsbonnen']
klant	['consument', 'klanten', 'giromaat', 'sluist', 'courtage']
erbij	['zelf', 'daarbij', 'dankos', 'nu', 'daar']
kwetsbaarheid	['consumptiepatroon', 'dragelijker', 'medicalisatie', 'schuifkrachten', 'onbegaanbaarheid']
lvb	['leylandverheul', 'nsdochter', 'luchtverkeersbeveiliging', 'tpragom', 'csaii']
mandaat	['doornikaat', 'unmeewaarnemingsmissie', 'namendinantphilippeville', 'veurnediksmuideoostende', 'unomigwaarnemers']
media	['pers', 'persagentschappen', 'crosslight', 'nieuwwijnl', 'berichtgeving']
medisch	['medische', 'lumc', 'werkplaatsfunctie', 'vumc', 'infectieziektebestrijding']
meldcode	['boetebeleid', 'kinderstrafrecht', 'privilleges', 'kartelverbod', 'levensvraagstukken']
melding	['gewag', 'atpa', 'riperkerka', 'herlein', 'capelleken']
mensenhandel	['vrouwenhandel', 'prostitutie', 'strafbaarstelling', 'strafbare', 'drugsdelicten']
menschenhandel	['sexuellen', 'ausbeutung', 'excès', 'cachées', 'êtres']
mensenhandel	['vrouwenhandel', 'prostitutie', 'strafbaarstelling', 'strafbare', 'drugsdelicten']
en	['terwijl', 'eveneens', 'maar', 'die', 'evenals']
seksueel	['seksuele', 'seks', 'misbruik', 'pedofilie', 'homoseksuele']
geweld	['oorlogstactiek', 'terreuractiviteiten', 'agressie', 'gewelddadige', 'cocaïnemaffia']
tegen	['nazitanks', 'strijd', 'groepsmatch', 'blameerde', 'clubverplichtingen']
kinderen	['dochters', 'kleinkinderen', 'zussen', 'rubensfourment', 'thuiswonende']
mensenhandel	['vrouwenhandel', 'prostitutie', 'strafbaarstelling', 'strafbare', 'drugsdelicten']
in	['juniorafdeling', 'fahrenbach', 'van', 'studenteraad', 'stadsbediende']
en	['terwijl', 'eveneens', 'maar', 'die', 'evenals']
uit	['charilaidae', 'helicocercus', 'hispanacris', 'kakaduacris', 'aerotegmina']
beeld	['kunstwerk', 'beelden', 'oudtestamentaire', 'beeldje', 'hoofdeind']
ii	['iii', 'iv', 'i', 'vi', 'vii']
monitor	['autoresponder', 'synchronisatiemechanisme', 'evcertificaten', 'gepusht', 'acars']
mensenhandel	['vrouwenhandel', 'prostitutie', 'strafbaarstelling', 'strafbare', 'drugsdelicten']
nationaal	['vikosaoös', 'douglasapsley', 'oulanka', 'purnululu', 'kahuzibiéga']
rapporteur	['commissie', 'mensenrechtencommissie', 'vncommissie', 'industriecommissie', 'senaatscommissies']
nationaal	['vikosaoös', 'douglasapsley', 'oulanka', 'purnululu', 'kahuzibiéga']
rapporteur	['commissie', 'mensenrechtencommissie', 'vncommissie', 'industriecommissie', 'senaatscommissies']
mensenhandel	['vrouwenhandel', 'prostitutie', 'strafbaarstelling', 'strafbare', 'drugsdelicten']
omvang	['grootte', 'personeelssterkte', 'geringe', 'vertekenen', 'verspreidingsdichtheid']
onderzoek	['onderzoeken', 'cytologisch', 'crosscultureel', 'ivfkinderen', 'neurowetenschappelijk']
orgaan	['opleidingsorganen', 'vomeronasaal', 'beleidsbepalend', 'gremium', 'besluitvormende']
pedo	['papionini', 'kwalachtige', 'nestmuis', 'bellbird', 'zwerminsecten']
pers	['berichtgeving', 'media', 'publiciteit', 'krant', 'telegraaf']
persbericht	['rapport', 'persconferentie', 'persverklaring', 'interview', 'eindrapport']
pilot	['pilotaflevering', 'spooktacular', 'godsend', 'kostuumfilm', 'filmation']
pooier	['exvriend', 'bedriegster', 'drugsdealer', 'inpalmt', 'linny']
prostitutie	['bordelen', 'prostituees', 'mensenhandel', 'ontucht', 'koppelarij']
en	['terwijl', 'eveneens', 'maar', 'die', 'evenals']
mensenhandel	['vrouwenhandel', 'prostitutie', 'strafbaarstelling', 'strafbare', 'drugsdelicten']
rapportage	['rapport', 'rapportages', 'koopkrachteffecten', 'aanbevelingen', 'rijksrecherche']
mensenhandel	['vrouwenhandel', 'prostitutie', 'strafbaarstelling', 'strafbare', 'drugsdelicten']
recidive	['schadeletsel', 'recidivegevaar', 'toerekeningsvatbaarheid', 'strafmaximum', 'bopzinstelling']
religie	['godsdienst', 'godsdiensten', 'tradities', 'godsdienstige', 'religieuze']
schatting	['honderdvijftigduizend', 'tienduizend', 'veertigduizend', 'vijfduizend', 'tweeduizend']
schrijnend	['ontheemding', 'schrijnende', 'bedreigender', 'geestestoestand', 'geretardeerd']
pad	['afraken', 'kopjeonder', 'zweefsessie', 'tarmolijnbomen', 'bewandelen']
seksueel	['seksuele', 'seks', 'misbruik', 'pedofilie', 'homoseksuele']
misbruik	['kindermisbruik', 'seksueel', 'commissiedeetman', 'misbruiken', 'minderjarigen']
sexting	['plaagspelletje', 'scheldkritieken', 'leerstrategie', 'stratfordians', 'keygens']
seksueel	['seksuele', 'seks', 'misbruik', 'pedofilie', 'homoseksuele']
geweld	['oorlogstactiek', 'terreuractiviteiten', 'agressie', 'gewelddadige', 'cocaïnemaffia']
sociale	['maatschappelijke', 'economische', 'stadssociologie', 'sociaaleconomische', 'participatie']
media	['pers', 'persagentschappen', 'crosslight', 'nieuwwijnl', 'berichtgeving']
social	['institutions', 'transnational', 'entrepreneurship', 'sociology', 'programs']
media	['pers', 'persagentschappen', 'crosslight', 'nieuwwijnl', 'berichtgeving']
statistieken	['ploegsamenstellingen', 'transfers', 'emmenaren', 'clubkampioenen', 'overzichten']
strafbaarstelling	['strafbaarheid', 'strafbare', 'strafrechtelijke', 'mensenhandel', 'sanctionering']
technologie	['technologieën', 'technologische', 'geavanceerde', 'techniek', 'halfgeleiderheterostructuren']
tiende	['negende', 'elfde', 'zevende', 'twaalfde', 'zesde']
rapportage	['rapport', 'rapportages', 'koopkrachteffecten', 'aanbevelingen', 'rijksrecherche']
toerisme	['ecotoerisme', 'landbouw', 'grenshandel', 'recreatie', 'delfstofwinning']
trafficking	['laczko', 'discrimination', 'article', 'reintegration', 'traite']
uithuwelijking	['egons', 'vrijgeborenen', 'buurkoninkrijk', 'lippebiesterfelds', 'kleinzoontje']
verblijfsregeling	['vermogensrechtelijke', 'onderhoudsgelden', 'onderhoudsgerechtigde', 'informatieplicht', 'vervoersvoorzieningen']
mensenhandel	['vrouwenhandel', 'prostitutie', 'strafbaarstelling', 'strafbare', 'drugsdelicten']
verblijfsregeling	['vermogensrechtelijke', 'onderhoudsgelden', 'onderhoudsgerechtigde', 'informatieplicht', 'vervoersvoorzieningen']
verblijfsregeling	['vermogensrechtelijke', 'onderhoudsgelden', 'onderhoudsgerechtigde', 'informatieplicht', 'vervoersvoorzieningen']
mensenhandel	['vrouwenhandel', 'prostitutie', 'strafbaarstelling', 'strafbare', 'drugsdelicten']
vervolging	['vervolgingen', 'veroordeling', 'marteling', 'deportatie', 'beraming']
vijfde	['zesde', 'zevende', 'vierde', 'derde', 'achtste']
rapportage	['rapport', 'rapportages', 'koopkrachteffecten', 'aanbevelingen', 'rijksrecherche']
voorlichting	['educatie', 'ouderbegeleiding', 'orthopedagogische', 'jeugdcriminaliteit', 'lotgenotencontact']
voorzichtig	['goed', 'sleets', 'afdroogt', 'omzichtig', 'sproeiwater']
positief	['negatief', 'positieve', 'negatieve', 'onevenmachtswortel', 'determinantwaarden']
vrijdagmiddag	['zaterdagavond', 'vrijdagochtend', 'zondagavond', 'vrijdagavond', 'zaterdagmorgen']
uitgegeven	['heruitgegeven', 'gebundeld', 'uitgebracht', 'hindawi', 'uitgave']
schriftelijke	['schriftelijk', 'mondelinge', 'mondeling', 'vermelding', 'overgeleverde']
verklaring	['verklaringen', 'bewering', 'rechtvaardiging', 'aanname', 'uitleg']
schrijft	['schreef', 'publiceert', 'publiceerde', 'muziekkritieken', 'citeert']
bolhaar	['aalbersberg', 'beduin', 'emster', 'politiedistrictschef', 'oudpenningmeester']
vrouwenbesnijdenis	['eerwraak', 'vrouwenonderdrukking', 'soennitischislamitische', 'eergerelateerd', 'sluieren']
vrouwenhandel	['mensenhandel', 'comensha', 'seksbranche', 'prostitutie', 'arbeidsuitbuiting']
weigerende	['wíl', 'beddenlakens', 'slaapdrankje', 'doorgeknipte', 'bijnadood']
wet	['wetten', 'regeling', 'wetgeving', 'politiegegevens', 'beroepspensioenregeling']
regulering	['dereguleren', 'handhaving', 'afvalstoffenbeleid', 'reiscomfort', 'landbouwstructuur']
prostitutie	['bordelen', 'prostituees', 'mensenhandel', 'ontucht', 'koppelarij']
zeden	['gewoonten', 'moraal', 'eerbaarheid', 'vrijgeborenen', 'duivelaanbidding']
zedendelinquenten	['vermogensdelicten', 'milieudelicten', 'strafmaximum', 'geweldsmisdrijven', 'vuurwapenbezit']
zeeland	['westfriesland', 'friesland', 'gelderland', 'noordholland', 'zuidholland']
aanbevelingen	['richtlijnen', 'adviezen', 'commissie', 'beleidsbeslissingen', 'rapporteurs']
aangifte	['seponeren', 'belastingaangifte', 'identiteitsgegevens', 'strafzaak', 'homogeweld']
aangiftebereidheid	['transgenderidentiteit', 'graadje', 'huidgeleidingsreactie', 'gerechtgebouw', 'pruderie']
aangifte	['seponeren', 'belastingaangifte', 'identiteitsgegevens', 'strafzaak', 'homogeweld']
niet	['alleen', 'nooit', 'wél', 'toch', 'omdat']
doen	['gaan', 'laten', 'weigeren', 'nemen', 'weten']
aanpak	['werkwijze', 'oplossingsgerichte', 'uitwerking', 'onderzoeksmethodes', 'regionaaleconomisch']
op	['waarop', 'triatloncarrière', 'vierentachtigste', 'tweeëntachtigjarige', 'filmweek']
gemeentelijk	['middelwijkstraat', 'cantonlaan', 'steenhoffstraat', 'grothestraat', 'eikenderveld']
niveau	['competitieniveau', 'districtsniveau', 'nlqfeqf', 'gemeentebericht', 'landsbericht']
aanpak	['werkwijze', 'oplossingsgerichte', 'uitwerking', 'onderzoeksmethodes', 'regionaaleconomisch']
seksueel	['seksuele', 'seks', 'misbruik', 'pedofilie', 'homoseksuele']
geweld	['oorlogstactiek', 'terreuractiviteiten', 'agressie', 'gewelddadige', 'cocaïnemaffia']
aanpak	['werkwijze', 'oplossingsgerichte', 'uitwerking', 'onderzoeksmethodes', 'regionaaleconomisch']
seksueel	['seksuele', 'seks', 'misbruik', 'pedofilie', 'homoseksuele']
geweld	['oorlogstactiek', 'terreuractiviteiten', 'agressie', 'gewelddadige', 'cocaïnemaffia']
aanpak	['werkwijze', 'oplossingsgerichte', 'uitwerking', 'onderzoeksmethodes', 'regionaaleconomisch']
seksueel	['seksuele', 'seks', 'misbruik', 'pedofilie', 'homoseksuele']
geweld	['oorlogstactiek', 'terreuractiviteiten', 'agressie', 'gewelddadige', 'cocaïnemaffia']
tegen	['nazitanks', 'strijd', 'groepsmatch', 'blameerde', 'clubverplichtingen']
kinderen	['dochters', 'kleinkinderen', 'zussen', 'rubensfourment', 'thuiswonende']
aanpak	['werkwijze', 'oplossingsgerichte', 'uitwerking', 'onderzoeksmethodes', 'regionaaleconomisch']
van	['wesemale', 'essenstein', 'eveneens', 'palant', 'zeyst']
seksueel	['seksuele', 'seks', 'misbruik', 'pedofilie', 'homoseksuele']
geweld	['oorlogstactiek', 'terreuractiviteiten', 'agressie', 'gewelddadige', 'cocaïnemaffia']
tegen	['nazitanks', 'strijd', 'groepsmatch', 'blameerde', 'clubverplichtingen']
kindere	['stichele', 'solau', 'ansiau', 'pacqué', 'cathenis']
aanpak	['werkwijze', 'oplossingsgerichte', 'uitwerking', 'onderzoeksmethodes', 'regionaaleconomisch']
van	['wesemale', 'essenstein', 'eveneens', 'palant', 'zeyst']
seksueel	['seksuele', 'seks', 'misbruik', 'pedofilie', 'homoseksuele']
geweld	['oorlogstactiek', 'terreuractiviteiten', 'agressie', 'gewelddadige', 'cocaïnemaffia']
tegen	['nazitanks', 'strijd', 'groepsmatch', 'blameerde', 'clubverplichtingen']
kinderen	['dochters', 'kleinkinderen', 'zussen', 'rubensfourment', 'thuiswonende']
aantal	['vijftal', 'drietal', 'enkele', 'tiental', 'vele']
aantal	['vijftal', 'drietal', 'enkele', 'tiental', 'vele']
zedendelinquenten	['vermogensdelicten', 'milieudelicten', 'strafmaximum', 'geweldsmisdrijven', 'vuurwapenbezit']
aanwijzing	['aanwijzingen', 'wellicht', 'saurischiër', 'inderdaad', 'schedelreconstructie']
achtste	['zevende', 'negende', 'zesde', 'vijfde', 'elfde']
achtste	['zevende', 'negende', 'zesde', 'vijfde', 'elfde']
achtste	['zevende', 'negende', 'zesde', 'vijfde', 'elfde']
rapportage	['rapport', 'rapportages', 'koopkrachteffecten', 'aanbevelingen', 'rijksrecherche']
mensenhandel	['vrouwenhandel', 'prostitutie', 'strafbaarstelling', 'strafbare', 'drugsdelicten']
achtste	['zevende', 'negende', 'zesde', 'vijfde', 'elfde']
reportage	['reportages', 'talkshow', 'eénvandaag', 'tvprogramma', 'documentaire']
actieplan	['meccanotracé', 'beleidsplan', 'ontwikkelingsbeleid', 'preventiebeleid', 'gebiedsgericht']
actuariële	['bedrijfsrekenen', 'bedrijfseconomische', 'elektriciteitelektronica', 'basisdiploma', 'theoretische']
adres	['popbox', 'huisnummer', 'telefoonnummer', 'telefoonboek', 'hardwareadres']
adres	['popbox', 'huisnummer', 'telefoonnummer', 'telefoonboek', 'hardwareadres']
advies	['adviezen', 'verzoek', 'aanbeveling', 'voorstel', 'ongevraagd']
afscheid	['ontslag', 'topatletiek', 'hoofdtrainerschap', 'interimhoofdtrainer', 'toptennis']
afscheidsspeech	['uitdient', 'schouderproblemen', 'congreszetel', 'carrièrestap', 'regeringblair']
afstudeeronderzoek	['sintaloysiusinstituut', 'epauvillers', 'poësisleraar', 'zendingsgeschiedenis', 'privémuziekleraar']
albanees	['macedonisch', 'shkodrës', 'kosovës', 'së', 'bashki']
alleenstaande	['alleenstaand', 'kostwinner', 'exporteerbaar', 'aowgerechtigde', 'tienermoeder']
minderjarige	['zwakzinnige', 'onwettige', 'minderjarig', 'meerderjarig', 'voogd']
vreemdelingen	['buitenlanders', 'burgers', 'statelozen', 'ambtenaren', 'nietnederlanders']
ambassade	['ambassades', 'ambassadeur', 'attaché', 'ambassadesecretaris', 'gezant']
ambassades	['consulaten', 'ambassade', 'consulatengeneraal', 'diplomaten', 'vertegenwoordigingen']
amk	['asbestslachtoffers', 'vertrouwensartsen', 'organisatieadviesbureau', 'inggroep', 'métrologie']
amk	['asbestslachtoffers', 'vertrouwensartsen', 'organisatieadviesbureau', 'inggroep', 'métrologie']
regio	['centreval', 'midipyreneeën', 'oisans', 'hoognormandië', 'nordpasdecalaispicardie']
amsterdam	['rotterdam', 'haarlem', 'amsterdamse', 'amstelveen', 'delft']
amv	['spw', 'bachelornabachelor', 'deeltijdopleiding', 'hbopropedeuse', 'schakeljaar']
amv	['spw', 'bachelornabachelor', 'deeltijdopleiding', 'hbopropedeuse', 'schakeljaar']
ann	['sarah', 'kathleen', 'deborah', 'thirlby', 'pehl']
anna	['elisabeth', 'catharina', 'maria', 'johanna', 'agnes']
korvinus	['pijbes', 'wladimiroff', 'buijink', 'fackeldey', 'nautadutilh']
anorexia	['boulimia', 'boulimie', 'nervosa', 'eetstoornis', 'depressiviteit']
arbeid	['mplapartij', 'privéondernemerschap', 'flexibiliseren', 'vvdwoordvoerder', 'zekerheidsbijdragen']
arbeidsmigranten	['migranten', 'gastarbeiders', 'migrantenwijken', 'immigranten', 'immigratie']
uitbuiten	['dekkingsscherm', 'wäckerles', 'ordeloze', 'blitzkriegtactiek', 'linietactiek']
arbeidsuitbuiting	['arbeidsmarktfraude', 'familieplanning', 'baanzekerheid', 'souteneurschap', 'misdaadverwekkende']
jurisprudentie	['rechtsregels', 'wetgeving', 'wetsgeschiedenis', 'prorogatie', 'vehofhelvetia']
argos	['thebe', 'boeotië', 'sicyon', 'atheense', 'korinthe']
arresten	['costaenel', 'daleromme', 'arrest', 'cassatie', 'vehofhelvetia']
artikelen	['artikels', 'tijdschriften', 'vulgariserende', 'publicaties', 'boeken']
artikel	['juncto', 'quater', 'vreemdelingenbesluit', 'wetboek', 'rijwet']
het	['dit', 'soerabaiasch', 'ander', 'handelsuitgave', 'odnosum']
slachtoffer	['slachtoffertje', 'mishandelen', 'onschuldige', 'homoclub', 'moorddoodslag']
van	['wesemale', 'essenstein', 'eveneens', 'palant', 'zeyst']
seksueel	['seksuele', 'seks', 'misbruik', 'pedofilie', 'homoseksuele']
geweld	['oorlogstactiek', 'terreuractiviteiten', 'agressie', 'gewelddadige', 'cocaïnemaffia']
aruba	['curaçao', 'bonaire', 'antillen', 'saba', 'sinteustatius']
asiel	['uitlevering', 'pkkleden', 'verblijfsvergunning', 'nareis', 'vluchteling']
basisniveau	['eindexamenvak', 'lesrooster', 'voorschools', 'zmlk', 'avondscholen']
basisniveau	['eindexamenvak', 'lesrooster', 'voorschools', 'zmlk', 'avondscholen']
bestuurlijke	['lhokseumawe', 'sampang', 'belu', 'subulussalam', 'sumenep']
aanpak	['werkwijze', 'oplossingsgerichte', 'uitwerking', 'onderzoeksmethodes', 'regionaaleconomisch']
basisniveau	['eindexamenvak', 'lesrooster', 'voorschools', 'zmlk', 'avondscholen']
bestuurlijke	['lhokseumawe', 'sampang', 'belu', 'subulussalam', 'sumenep']
aanpak	['werkwijze', 'oplossingsgerichte', 'uitwerking', 'onderzoeksmethodes', 'regionaaleconomisch']
mensenhandel	['vrouwenhandel', 'prostitutie', 'strafbaarstelling', 'strafbare', 'drugsdelicten']
voor	['hubenthal', 'baraud', 'barsevskis', 'withaar', 'meschnigg']
gemeenten	['borgomaro', 'lapedona', 'gemeentes', 'cicagna', 'gattico']
bedelarij	['gewoontemisdadigers', 'geweldszaken', 'onzedelijkheid', 'abnormalen', 'wwft']
beeld	['kunstwerk', 'beelden', 'oudtestamentaire', 'beeldje', 'hoofdeind']
beleid	['monetaristisch', 'protectionistisch', 'politiek', 'corruptiebestrijding', 'isolationistisch']
bijlmer	['muiderpoort', 'amsterdamzuidoost', 'amstelstation', 'overamstel', 'geuzenveld']
bosma	['marijnissen', 'lagendijk', 'spekman', 'eerdmans', 'zijlstra']
brief	['brieven', 'corinthiërs', 'telegram', 'meedeelde', 'laodicenzen']
buitenland	['binnen–', 'eenmanstentoonstellingen', 'zakenleven', 'oranjegevoel', 'onlinewinkels']
cijfermatige	['informatieinhoud', 'geïnterpoleerde', 'correctiemethode', 'mapt', 'picarats']
rapportage	['rapport', 'rapportages', 'koopkrachteffecten', 'aanbevelingen', 'rijksrecherche']
cijfers	['volkstellingen', 'tienjaarlijkse', 'istat', 'steeg', 'periode']
ptss	['stressstoornis', 'nietaangeboren', 'posttraumatische', 'psychosen', 'paniekstoornis']
comensha	['vrouwenhandel', 'mensenhandel', 'flitscontroles', 'mededingingsregels', 'surseances']
commercieel	['beroepsvisserij', 'visserij', 'belang', 'zeehengelaars', 'aanzienlijk']
draagmoederschap	['wensouders', 'huidtests', 'stemmingsstabiliserende', 'donormelk', 'auteursrechtinbreuk']
corine	['vloetgraven', 'ymke', 'saija', 'moggré', 'staarink']
corine	['vloetgraven', 'ymke', 'saija', 'moggré', 'staarink']
dettmeijer	['mcrobbie', 'dugal', 'surovy', 'houdart', 'delorie']
corinne	['francine', 'renée', 'anne', 'hazanavicius', 'koeckhoven']
dader	['daderkennis', 'verdachte', 'schuldige', 'moordenaar', 'daders']
daderprofiel	['fortuynrevolte', 'flikkereffect', 'psvpubliek', 'veilingactiviteiten', 'kγ']
daderprofiel	['fortuynrevolte', 'flikkereffect', 'psvpubliek', 'veilingactiviteiten', 'kγ']
loverboy	['forsworn', 'brotherly', 'doofstom', 'itgirl', 'vickys']
daders	['verdachten', 'plegers', 'dader', 'moorden', 'schuldigen']
daders	['verdachten', 'plegers', 'dader', 'moorden', 'schuldigen']
van	['wesemale', 'essenstein', 'eveneens', 'palant', 'zeyst']
seksueel	['seksuele', 'seks', 'misbruik', 'pedofilie', 'homoseksuele']
misbruik	['kindermisbruik', 'seksueel', 'commissiedeetman', 'misbruiken', 'minderjarigen']
de	['die', 'van', 'openhielden', 'en', 'vierentachtigste']
hoge	['lage', 'hoog', 'hogere', 'messnelheid', 'kustbrug']
raad	['commissie', 'commissarissen', 'auditoraat', 'belastingkamer', 'vergadering']
en	['terwijl', 'eveneens', 'maar', 'die', 'evenals']
mensenhandel	['vrouwenhandel', 'prostitutie', 'strafbaarstelling', 'strafbare', 'drugsdelicten']
den	['haag', 'wassenaar', 'coljé', 'bosch', 'gouda']
haag	['den', 'rotterdam', 'wassenaar', 'haarlem', 'gouda']
dettmeijer	['mcrobbie', 'dugal', 'surovy', 'houdart', 'delorie']
directieleden	['versteeghe', 'oudbestuurders', 'topmannen', 'tabaksfabrikanten', 'medewerkers']
effectief	['effectiever', 'effectieve', 'efficiënt', 'afdoende', 'iproniazide']
preventief	['profylactisch', 'medicatie', 'vochttoediening', 'lamivudine', 'preventieve']
elfde	['twaalfde', 'negende', 'tiende', 'dertiende', 'zevende']
rapportage	['rapport', 'rapportages', 'koopkrachteffecten', 'aanbevelingen', 'rijksrecherche']
mensenhandel	['vrouwenhandel', 'prostitutie', 'strafbaarstelling', 'strafbare', 'drugsdelicten']
engels	['unnamable', 'baslow', 'cofreemasonry', 'votes', 'bislama']
english	['golfing', 'huntyng', 'watercolours', 'exerted', 'reliques']
er	['hier', 'nog', 'tabaksschuren', 'schermgezichten', 'wereldranglijsten']
is	['cryptoglena', 'rhynchopus', 'clydonella', 'iraniola', 'stigacris']
geen	['géén', 'niet', 'zonder', 'nauwelijks', 'enkel']
plan	['plannen', 'voornemen', 'idee', 'project', 'voorstel']
om	['teneinde', 'vergeldingsoorlog', 'te', 'proberen', 'laten']
de	['die', 'van', 'openhielden', 'en', 'vierentachtigste']
resultaten	['districtsverkiezingen', 'prestaties', 'eindreeks', 'nietsignificant', 'wisselvalliger']
te	['laten', 'om', 'vergeldingsoorlog', 'schaakontwikkeling', 'veramerikaansen']
monitoren	['dataoverdracht', 'dataverkeer', 'referentiestations', 'gastbesturingssystemen', 'touchscreens']
ethiopië	['eritrea', 'soedan', 'oeganda', 'kenia', 'somalië']
etniciteit	['etnische', 'etniciteiten', 'etnisch', 'grenskwesties', 'stamverwantschap']
familiemoord	['guilder', 'novalee', 'corie', 'feinstone', 'hepv']
financieel	['bijspringen', 'madoffs', 'financiële', 'transportindustrie', 'liocorno']
gemeentelijk	['middelwijkstraat', 'cantonlaan', 'steenhoffstraat', 'grothestraat', 'eikenderveld']
ggz	['riagg', 'verslavingszorg', 'ggzinstelling', 'mentrum', 'noordhollandnoord']
ggz	['riagg', 'verslavingszorg', 'ggzinstelling', 'mentrum', 'noordhollandnoord']
mensenhandel	['vrouwenhandel', 'prostitutie', 'strafbaarstelling', 'strafbare', 'drugsdelicten']
grooming	['webcamseks', 'anorgasmie', 'privéinformatie', 'smerigs', 'familieplanning']
herman	['jan', 'dirk', 'gerard', 'oolbekkink', 'schoonderwalt']
bolhaar	['aalbersberg', 'beduin', 'emster', 'politiedistrictschef', 'oudpenningmeester']
het	['dit', 'soerabaiasch', 'ander', 'handelsuitgave', 'odnosum']
slachtoffer	['slachtoffertje', 'mishandelen', 'onschuldige', 'homoclub', 'moorddoodslag']
verklaard	['nietig', 'lukwiya', 'genegeerd', 'afgewezen', 'geëxcommuniceerd']
hoge	['lage', 'hoog', 'hogere', 'messnelheid', 'kustbrug']
raad	['commissie', 'commissarissen', 'auditoraat', 'belastingkamer', 'vergadering']
huishoudens	['priocca', 'ticineto', 'malagnino', 'sartirana', 'somano']
human	['for', 'problems', 'decimating', 'rights', 'reintegration']
trafficking	['laczko', 'discrimination', 'article', 'reintegration', 'traite']
ibp	['mlíder', 'upyd', 'gbw', 'dorpsgoed', 'banuoranje']
illegale	['illegaal', 'gokpraktijken', 'legale', 'smokkel', 'jueteng']
incest	['overspel', 'verkrachting', 'bloedschande', 'echtbreuk', 'pedoseksualiteit']
inspectie	['igz', 'hoofdinspectie', 'inspecties', 'beleidskaders', 'ivw']
szw	['bzk', 'ienm', 'vromiod', 'rampenbeheersing', 'jbzraad']
instrument	['muziekinstrument', 'instrumenten', 'klavierinstrument', 'piccolotrompet', 'instrumentarium']
seksueel	['seksuele', 'seks', 'misbruik', 'pedofilie', 'homoseksuele']
grensoverschrijdend	['grensoverschrijdende', 'valys', 'vervoersbeleid', 'vcnl', 'vraagafhankelijke']
gedrag	['gedragingen', 'gedachtepatronen', 'antisociaal', 'subassertief', 'omgericht']
internationaal	['internationale', 'atoomenergieagentschap', 'esaestec', 'egmontkoninklijk', 'energieagentschap']
jeugdhulp	['vuvereniging', 'ggzinstellingen', 'ndlhidc', 'ledenbijeenkomsten', 'ggnet']
jur	['walsem', 'veeren', 'vrieling', 'nieuwerf', 'aikingvan']
jur	['walsem', 'veeren', 'vrieling', 'nieuwerf', 'aikingvan']
de	['die', 'van', 'openhielden', 'en', 'vierentachtigste']
brews	['haliburton', 'condello', 'lovelady', 'tonesupergroep', 'youths']
jur	['walsem', 'veeren', 'vrieling', 'nieuwerf', 'aikingvan']
de	['die', 'van', 'openhielden', 'en', 'vierentachtigste']
vrees	['angst', 'represailles', 'repercussies', 'kleingeestige', 'schaamte']
jurisprudentie	['rechtsregels', 'wetgeving', 'wetsgeschiedenis', 'prorogatie', 'vehofhelvetia']
mensenhandel	['vrouwenhandel', 'prostitutie', 'strafbaarstelling', 'strafbare', 'drugsdelicten']
kinder	['hausmärchen', 'khm', 'jeugdjury', 'grimm', 'sprookje']
hoer	['slet', 'françesco', 'noenka', 'verleidster', 'primulastraat']
libie	['sahelbenin', 'noordwestsyrië', 'jumhūriyat', 'ليبيا', 'baathpartijen']
libië	['tunesië', 'jordanië', 'soedan', 'irak', 'algerije']
libya	['taşımacılık', 'baktrië', 'mehrdad', 'marmarica', 'σελεύκεια']
madam	['pheip', 'petoetje', 'petatje', 'bigshot', 'piong']
masha	['babybroertje', 'tienervader', 'bijlegt', 'kirchherr', 'atkinsonwood']
mensenhandel	['vrouwenhandel', 'prostitutie', 'strafbaarstelling', 'strafbare', 'drugsdelicten']
en	['terwijl', 'eveneens', 'maar', 'die', 'evenals']
seksueel	['seksuele', 'seks', 'misbruik', 'pedofilie', 'homoseksuele']
geweld	['oorlogstactiek', 'terreuractiviteiten', 'agressie', 'gewelddadige', 'cocaïnemaffia']
mensenhandel	['vrouwenhandel', 'prostitutie', 'strafbaarstelling', 'strafbare', 'drugsdelicten']
en	['terwijl', 'eveneens', 'maar', 'die', 'evenals']
seksueel	['seksuele', 'seks', 'misbruik', 'pedofilie', 'homoseksuele']
geweld	['oorlogstactiek', 'terreuractiviteiten', 'agressie', 'gewelddadige', 'cocaïnemaffia']
tegen	['nazitanks', 'strijd', 'groepsmatch', 'blameerde', 'clubverplichtingen']
mensenhandel	['vrouwenhandel', 'prostitutie', 'strafbaarstelling', 'strafbare', 'drugsdelicten']
en	['terwijl', 'eveneens', 'maar', 'die', 'evenals']
seksueel	['seksuele', 'seks', 'misbruik', 'pedofilie', 'homoseksuele']
geweld	['oorlogstactiek', 'terreuractiviteiten', 'agressie', 'gewelddadige', 'cocaïnemaffia']
tegen	['nazitanks', 'strijd', 'groepsmatch', 'blameerde', 'clubverplichtingen']
kinderen	['dochters', 'kleinkinderen', 'zussen', 'rubensfourment', 'thuiswonende']
mensenhandel	['vrouwenhandel', 'prostitutie', 'strafbaarstelling', 'strafbare', 'drugsdelicten']
in	['juniorafdeling', 'fahrenbach', 'van', 'studenteraad', 'stadsbediende']
en	['terwijl', 'eveneens', 'maar', 'die', 'evenals']
uit	['charilaidae', 'helicocercus', 'hispanacris', 'kakaduacris', 'aerotegmina']
beeld	['kunstwerk', 'beelden', 'oudtestamentaire', 'beeldje', 'hoofdeind']
ii	['iii', 'iv', 'i', 'vi', 'vii']
merel	['robier', 'spreeuw', 'mieke', 'finnie', 'dorien']
van	['wesemale', 'essenstein', 'eveneens', 'palant', 'zeyst']
groningen	['leeuwarden', 'utrecht', 'groningse', 'winschoten', 'appingedam']
project	['habakkuk', 'openleaks', 'plan', 'metromorfose', 'wideawake']
minderjarigen	['meerderjarigen', 'pedoseksuele', 'geweldsmisdrijven', 'misdrijven', 'ontucht']
naam	['brotskaya', 'blaimer', 'gershenzon', 'kulinitch', 'eiselt']
rapporteur	['commissie', 'mensenrechtencommissie', 'vncommissie', 'industriecommissie', 'senaatscommissies']
nagel	['foudraine', 'blaag', 'nagelbed', 'kolfschooten', 'fiedeldij']
nagelstudio	['gezondheidsclub', 'brandstoffenhandel', 'wijnschool', 'yogastudio', 'cateringservice']
nam	['deed', 'gaf', 'trad', 'neemt', 'ging']
nationaal	['vikosaoös', 'douglasapsley', 'oulanka', 'purnululu', 'kahuzibiéga']
actieplan	['meccanotracé', 'beleidsplan', 'ontwikkelingsbeleid', 'preventiebeleid', 'gebiedsgericht']
mensenhandel	['vrouwenhandel', 'prostitutie', 'strafbaarstelling', 'strafbare', 'drugsdelicten']
nationaal	['vikosaoös', 'douglasapsley', 'oulanka', 'purnululu', 'kahuzibiéga']
rapporteur	['commissie', 'mensenrechtencommissie', 'vncommissie', 'industriecommissie', 'senaatscommissies']
nazorg	['zorg', 'hulpverlening', 'zorgvrager', 'bijscholing', 'revalidatieteam']
mensenhand	['riviererosie', 'diepploegen', 'wegeroderen', 'bosstrook', 'hermeandering']
negende	['zevende', 'tiende', 'elfde', 'zesde', 'achtste']
nieuwsbrief	['maandelijks', 'alphencc', 'website', 'ledenmagazine', 'programmagids']
nifp	['observatiekliniek', 'infectieziektebestrijding', 'fpk', 'trimbosinstituut', 'kinderoncologie']
onderzoek	['onderzoeken', 'cytologisch', 'crosscultureel', 'ivfkinderen', 'neurowetenschappelijk']
ongelijkheid	['klimaatcrisis', 'ongelijkheden', 'dragelijker', 'gelijkheid', 'kapitaalaccumulatie']
ontucht	['eerbaarheid', 'aanranding', 'ontuchtige', 'prostitutie', 'sodomie']
voor	['hubenthal', 'baraud', 'barsevskis', 'withaar', 'meschnigg']
de	['die', 'van', 'openhielden', 'en', 'vierentachtigste']
rechter	['rechtbank', 'wedzinga', 'changoe', 'rechtspreekt', 'seponeerde']
op	['waarop', 'triatloncarrière', 'vierentachtigste', 'tweeëntachtigjarige', 'filmweek']
goede	['slechte', 'betere', 'goed', 'gunstige', 'moeilijke']
gronden	['percelen', 'heidegronden', 'landbouwgronden', 'grond', 'akkers']
orgaanhandel	['gierigaards', 'huurmoorden', 'drugsdeals', 'jachtshows', 'veebaronnen']
palermo	['catania', 'messina', 'genua', 'bari', 'napels']
protocol	['verbindingsloos', 'netwerkprotocol', 'tkip', 'internetprotocol', 'tls']
paspoort	['visum', 'staatsburgerschap', 'reisdocument', 'identiteitsbewijs', 'identiteitskaart']
pereira	['alves', 'silva', 'figueiredo', 'oliveira', 'luís']
prevalentie	['incidentie', 'mortaliteit', 'hcv', 'binfectie', 'bloedglucose']
prostitutie	['bordelen', 'prostituees', 'mensenhandel', 'ontucht', 'koppelarij']
en	['terwijl', 'eveneens', 'maar', 'die', 'evenals']
mensenhandel	['vrouwenhandel', 'prostitutie', 'strafbaarstelling', 'strafbare', 'drugsdelicten']
rapport	['onderzoeksrapport', 'eindrapport', 'rapporten', 'onderzoekscommissie', 'commissiedavids']
rapportage	['rapport', 'rapportages', 'koopkrachteffecten', 'aanbevelingen', 'rijksrecherche']
rapport	['onderzoeksrapport', 'eindrapport', 'rapporten', 'onderzoekscommissie', 'commissiedavids']
seksueel	['seksuele', 'seks', 'misbruik', 'pedofilie', 'homoseksuele']
geweld	['oorlogstactiek', 'terreuractiviteiten', 'agressie', 'gewelddadige', 'cocaïnemaffia']
rechter	['rechtbank', 'wedzinga', 'changoe', 'rechtspreekt', 'seponeerde']
risico	['risicos', 'pneumokokkenmeningitis', 'ovariumkanker', 'stolselvorming', 'foliumzuursuppletie']
taxatie	['aannemingsovereenkomst', 'schaduwboekhouding', 'balansdatum', 'aflossingsvrije', 'rekeninghouder']
rusland	['oekraïne', 'witrusland', 'sovjetunie', 'georgië', 'litouwen']
santa	['cruz', 'escalvado', 'bárbara', 'jetibá', 'brígida']
schatting	['honderdvijftigduizend', 'tienduizend', 'veertigduizend', 'vijfduizend', 'tweeduizend']
schatting	['honderdvijftigduizend', 'tienduizend', 'veertigduizend', 'vijfduizend', 'tweeduizend']
mensenhandel	['vrouwenhandel', 'prostitutie', 'strafbaarstelling', 'strafbare', 'drugsdelicten']
sdg	['secoisolariciresinol', 'sanctusbenedictus', 'liturgica', 'koorfuga', 'passiemuziek']
seks	['seksuele', 'pornografie', 'seksueel', 'barebacking', 'seksualiteit']
in	['juniorafdeling', 'fahrenbach', 'van', 'studenteraad', 'stadsbediende']
seksueel	['seksuele', 'seks', 'misbruik', 'pedofilie', 'homoseksuele']
seksueel	['seksuele', 'seks', 'misbruik', 'pedofilie', 'homoseksuele']
geweld	['oorlogstactiek', 'terreuractiviteiten', 'agressie', 'gewelddadige', 'cocaïnemaffia']
seksueel	['seksuele', 'seks', 'misbruik', 'pedofilie', 'homoseksuele']
misbruik	['kindermisbruik', 'seksueel', 'commissiedeetman', 'misbruiken', 'minderjarigen']
cijfers	['volkstellingen', 'tienjaarlijkse', 'istat', 'steeg', 'periode']
seksueel	['seksuele', 'seks', 'misbruik', 'pedofilie', 'homoseksuele']
overgebrachte	['ontstekinginfectie', 'kastransacties', 'grondstoffenhandel', 'maximumdruk', 'virusstam']
ziekte	['hersenvliesontsteking', 'kroep', 'syfilis', 'chronische', 'aandoening']
seksuele	['seksueel', 'seksualiteit', 'geaardheid', 'homoseksuele', 'genderidentiteit']
uitbuiting	['armoede', 'achterstelling', 'onrechtvaardigheid', 'oppressie', 'discriminatie']
seksuele	['seksueel', 'seksualiteit', 'geaardheid', 'homoseksuele', 'genderidentiteit']
uitbuiting	['armoede', 'achterstelling', 'onrechtvaardigheid', 'oppressie', 'discriminatie']
buiten	['binnen', 'daar', 'nu', 'elders', 'waar']
de	['die', 'van', 'openhielden', 'en', 'vierentachtigste']
seksindustrie	['thematiseerde', 'meidenwegloophuis', 'vrouwenlevens', 'camgirls', 'filmbazen']
mangal	['pandey', 'maulavi', 'bollywoodacteur', 'urrahman', 'saifuddien']
slachtoffer	['slachtoffertje', 'mishandelen', 'onschuldige', 'homoclub', 'moorddoodslag']
mensenhandel	['vrouwenhandel', 'prostitutie', 'strafbaarstelling', 'strafbare', 'drugsdelicten']
sti	['wrx', 'impreza', 'subaru', 'rline', 'polestar']
suzanne	['julie', 'bonneton', 'juchtmans', 'anne', 'claire']
heerdink	['oudes', 'dubbeltalent', 'stierhout', 'riemko', 'montyn']
taskforce	['deeltijdplus', 'interbestuurlijk', 'kwaliteitsbevordering', 'nictiz', 'jeugdhulp']
theo	['kees', 'wim', 'laseroms', 'henk', 'mulder']
hofstee	['henk', 'jansen', 'menkveld', 'boerman', 'blom']
unodc	['unfpa', 'vnorganisatie', 'ncia', 'unwto', 'tchrd']
update	['preview', 'updates', 'onenote', 'upgrade', 'phone']
cijfers	['volkstellingen', 'tienjaarlijkse', 'istat', 'steeg', 'periode']
vervolging	['vervolgingen', 'veroordeling', 'marteling', 'deportatie', 'beraming']
en	['terwijl', 'eveneens', 'maar', 'die', 'evenals']
berechting	['berechten', 'veroordeling', 'veroordeelde', 'oorlogsmisdrijven', 'vervolging']
veenendaal	['apeldoorn', 'amersfoort', 'ede', 'arnhem', 'tiel']
veilig	['veilige', 'zodoende', 'tijdig', 'voldoende', 'genoeg']
thuis	['éénsoap', 'zakendiner', 'priestertje', 'blokfluitles', 'loonstad']
verkrachtingen	['ontvoeringen', 'martelingen', 'berovingen', 'moorden', 'executies']
vietnamese	['quảng', 'việt', 'bà', 'dương', 'quang']
vijfde	['zesde', 'zevende', 'vierde', 'derde', 'achtste']
vog	['eingetragene', 'inspanningsverbintenis', 'antifraudebeleid', 'bogin', 'advertentiefraude']
voodoo	['ktulu', 'morphine', 'crowbar', 'jook', 'dudes']
vrouwenhandel	['mensenhandel', 'comensha', 'seksbranche', 'prostitutie', 'arbeidsuitbuiting']
werk	['oeuvre', 'werken', 'harmonielehre', 'antedateerde', 'abstraheerde']
werken	['werk', 'oratoriumachtige', 'muziekdramatische', 'postseriële', 'theaterwerken']
werkgelegenheid	['arbeidsmarktbeleid', 'landbouw', 'plattelandsbeleid', 'vervoerssector', 'wijkontwikkeling']
wie	['anderen', 'gerrys', 'vman', 'draule', 'neferoere']
is	['cryptoglena', 'rhynchopus', 'clydonella', 'iraniola', 'stigacris']
de	['die', 'van', 'openhielden', 'en', 'vierentachtigste']
nationaal	['vikosaoös', 'douglasapsley', 'oulanka', 'purnululu', 'kahuzibiéga']
rapporteur	['commissie', 'mensenrechtencommissie', 'vncommissie', 'industriecommissie', 'senaatscommissies']
youtube	['myspace', 'twitter', 'facebook', 'videos', 'internet']
zevende	['zesde', 'vijfde', 'negende', 'achtste', 'tiende']
zevende	['zesde', 'vijfde', 'negende', 'achtste', 'tiende']
rapportage	['rapport', 'rapportages', 'koopkrachteffecten', 'aanbevelingen', 'rijksrecherche']
zevende	['zesde', 'vijfde', 'negende', 'achtste', 'tiende']
rapportage	['rapport', 'rapportages', 'koopkrachteffecten', 'aanbevelingen', 'rijksrecherche']
ze	['zij', 'afstudeerfeestje', 'riquelle', 'symkyn', 'aftastend']
wilde	['wou', 'moest', 'zag', 'wenste', 'kon']
het	['dit', 'soerabaiasch', 'ander', 'handelsuitgave', 'odnosum']
zelf	['maar', 'alleen', 'daar', 'omdat', 'daarbij']
zicht	['linkerwiel', 'kanonnendek', 'omwaaien', 'schoorsteeneffect', 'aanaarden']
op	['waarop', 'triatloncarrière', 'vierentachtigste', 'tweeëntachtigjarige', 'filmweek']
kwetsbaarheid	['consumptiepatroon', 'dragelijker', 'medicalisatie', 'schuifkrachten', 'onbegaanbaarheid']
overige	['meeste', 'resterende', 'alle', 'behalve', 'beide']
